Dystans (m),Wysokość (m),Szer. geograficzna,Dł. geograficzna
0,-404.8970947265625,31.76288,35.53679
3.2988760168169198,-404.9012451171875,31.76287800632274,35.53682477533346
6.5977520336338396,-404.9057312011719,31.76287601263603,35.53685955066542
9.89662805045076,-404.9104919433594,31.76287401893988,35.53689432599588
13.195504067267679,-404.91552734375,31.76287202523429,35.53692910132484
16.4943800840846,-404.9208679199219,31.76287003151924,35.5369638766523
19.79325610090152,-404.926513671875,31.76286803779476,35.53699865197827
23.09213211771844,-404.9324645996094,31.76286604406082,35.53703342730274
26.391008134535358,-404.9386901855469,31.76286405031744,35.53706820262571
29.689884151352278,-404.9452209472656,31.76286205656461,35.53710297794718
32.9887601681692,-404.9520263671875,31.76286006280234,35.53713775326716
36.28763618498612,-404.9591369628906,31.76285806903061,35.53717252858563
39.58651220180304,-404.966552734375,31.76285607524945,35.5372073039026
42.88538821861996,-404.9742431640625,31.76285408145883,35.53724207921807
46.18426423543688,-404.9822387695312,31.76285208765877,35.53727685453206
49.4831402522538,-404.9905395507812,31.76285009384926,35.53731162984454
52.782016269070716,-404.9991149902344,31.76284810003031,35.53734640515552
56.080892285887636,-405.0129089355469,31.7628461062019,35.537381180465
59.379768302704555,-405.0269470214844,31.76284411236405,35.53741595577299
62.678644319521474,-405.0407104492188,31.76284211851675,35.53745073107947
65.9775203363384,-405.05419921875,31.76284012466001,35.53748550638445
69.27639635315532,-405.0673828125,31.76283813079381,35.53752028168795
72.57527236997224,-405.0802612304688,31.76283613691819,35.53755505698993
75.87414838678916,-405.0928344726562,31.7628341430331,35.53758983229043
79.17302440360608,-405.1051330566406,31.76283214913857,35.53762460758941
82.471900420423,-405.1171264648438,31.7628301552346,35.53765938288691
85.77077643723992,-405.1288452148438,31.76282816132118,35.53769415818292
89.06965245405684,-405.1402587890625,31.76282616739831,35.53772893347741
92.36852847087376,-405.1513671875,31.76282417346599,35.53776370877041
95.66740448769067,-405.1622009277344,31.76282217952423,35.53779848406191
98.9662805045076,-405.1727294921875,31.76282018557302,35.53783325935191
102.26515652132451,-405.1829528808594,31.76281819161237,35.53786803464042
105.56403253814143,-405.1929016113281,31.76281619764226,35.53790280992742
108.86290855495835,-405.2025451660156,31.76281420366271,35.53793758521293
112.16178457177527,-405.2118835449219,31.76281220967372,35.53797236049694
115.46066058859219,-405.220947265625,31.76281021567528,35.53800713577944
118.75953660540911,-405.2063598632812,31.76280822166739,35.53804191106045
122.05841262222603,-405.1673583984375,31.76280622765006,35.53807668633996
125.35728863904295,-405.1283264160156,31.76280423362327,35.53811146161797
128.65616465585987,-405.0892944335938,31.76280223958704,35.53814623689449
131.9550406726768,-405.0502624511719,31.76280024554137,35.53818101216951
135.2539166894937,-405.01123046875,31.76279825148625,35.53821578744303
138.55279270631064,-404.9721984863281,31.76279625742168,35.53825056271504
141.85166872312755,-404.9331665039062,31.76279426334766,35.53828533798557
145.15054473994448,-404.8941345214844,31.7627922692642,35.53832011325458
148.44942075676138,-404.8551025390625,31.76279027517129,35.53835488852211
151.74829677357832,-404.8160705566406,31.76278828106894,35.53838966378814
155.04717279039522,-404.7770690917969,31.76278628695714,35.53842443905266
158.34604880721216,-404.738037109375,31.7627842928359,35.53845921431569
161.64492482402906,-404.6990051269531,31.76278229870519,35.53849398957722
164.943800840846,-404.6599731445312,31.76278030456505,35.53852876483725
168.2426768576629,-404.6209411621094,31.76277831041547,35.53856354009578
171.54155287447983,-404.5819091796875,31.76277631625643,35.53859831535281
174.84042889129674,-404.5428771972656,31.76277432208796,35.53863309060834
178.13930490811367,-404.5038452148438,31.76277232791003,35.53866786586238
181.43818092493058,-404.46484375,31.76277033372265,35.53870264111492
184.7370569417475,-404.3881225585938,31.76276833952583,35.53873741636595
188.03593295856442,-404.2984619140625,31.76276634531956,35.53877219161549
191.33480897538135,-404.2087707519531,31.76276435110385,35.53880696686353
194.63368499219825,-404.1191101074219,31.76276235687868,35.53884174211007
197.9325610090152,-404.0294494628906,31.76276036264408,35.53887651735512
201.2314370258321,-403.9397583007812,31.76275836840003,35.53891129259866
204.53031304264903,-403.85009765625,31.76275637414653,35.5389460678407
207.82918905946593,-403.7604064941406,31.76275437988358,35.53898084308125
211.12806507628287,-403.6707458496094,31.76275238561119,35.53901561832029
214.4269410930998,-403.5810852050781,31.76275039132935,35.53905039355785
217.7258171099167,-403.4913940429688,31.76274839703805,35.53908516879389
221.02469312673364,-403.4017333984375,31.76274640273732,35.53911994402844
224.32356914355054,-403.3120422363281,31.76274440842715,35.5391547192615
227.62244516036748,-403.2223815917969,31.76274241410752,35.53918949449305
230.92132117718438,-403.1327209472656,31.76274041977845,35.53922426972311
234.22019719400132,-403.0430297851562,31.76273842543993,35.53925904495166
237.51907321081822,-402.953369140625,31.76273643109196,35.53929382017872
240.81794922763515,-402.8636779785156,31.76273443673455,35.53932859540428
244.11682524445206,-402.7740173339844,31.76273244236769,35.53936337062834
247.415701261269,-402.6843566894531,31.76273044799138,35.5393981458509
250.7145772780859,-402.5946655273438,31.76272845360563,35.53943292107196
254.01345329490283,-402.5050048828125,31.76272645921042,35.53946769629152
257.31232931171974,-402.4153442382812,31.76272446480578,35.53950247150958
260.61120532853664,-402.3256530761719,31.76272247039169,35.53953724672614
263.9100813453536,-402.2359924316406,31.76272047596815,35.53957202194121
267.2089573621705,-402.1463317871094,31.76271848153517,35.53960679715478
270.5078333789874,-402.056640625,31.76271648709274,35.53964157236685
273.8067093958043,-401.9669799804688,31.76271449264085,35.53967634757741
277.1055854126213,-401.8772888183594,31.76271249817954,35.53971112278649
280.4044614294382,-401.7876281738281,31.76271050370876,35.53974589799406
283.7033374462551,-401.6979675292969,31.76270850922854,35.53978067320013
287.002213463072,-401.6082763671875,31.76270651473888,35.5398154484047
290.30108947988896,-401.5186157226562,31.76270452023976,35.53985022360778
293.59996549670586,-401.428955078125,31.76270252573121,35.53988499880936
296.89884151352277,-401.3392639160156,31.7627005312132,35.53991977400943
300.1977175303397,-401.2496032714844,31.76269853668575,35.53995454920801
303.49659354715664,-401.1599426269531,31.76269654214886,35.53998932440508
306.79546956397354,-401.0702514648438,31.76269454760251,35.54002409960066
310.09434558079045,-400.9805908203125,31.76269255304672,35.54005887479475
313.39322159760735,-400.9195251464844,31.76269055848148,35.54009364998732
316.6920976144243,-400.9429321289062,31.7626885639068,35.54012842517841
319.9909736312412,-400.9666442871094,31.76268656932267,35.54016320036799
323.2898496480581,-400.9906311035156,31.76268457472909,35.54019797555608
326.5887256648751,-401.0149230957031,31.76268258012607,35.54023275074266
329.887601681692,-401.0395202636719,31.7626805855136,35.54026752592774
333.1864776985089,-401.0643920898438,31.76267859089168,35.54030230111133
336.4853537153258,-401.0895690917969,31.76267659626032,35.54033707629342
339.78422973214276,-401.1150207519531,31.76267460161952,35.54037185147401
343.08310574895967,-401.1408081054688,31.76267260696925,35.54040662665309
346.3819817657766,-401.1668395996094,31.76267061230955,35.54044140183069
349.6808577825935,-401.1932067871094,31.7626686176404,35.54047617700678
352.97973379941044,-401.2198486328125,31.7626666229618,35.54051095218138
356.27860981622734,-401.2467956542969,31.76266462827376,35.54054572735447
359.57748583304425,-401.2740173339844,31.76266263357627,35.54058050252606
362.87636184986115,-401.3015441894531,31.76266063886934,35.54061527769616
366.1752378666781,-401.3293762207031,31.76265864415295,35.54065005286476
369.474113883495,-401.3574829101562,31.76265664942713,35.54068482803185
372.7729899003119,-401.3858947753906,31.76265465469185,35.54071960319745
376.07186591712883,-401.4146118164062,31.76265265994713,35.54075437836155
379.3707419339458,-401.4545593261719,31.76265066519296,35.54078915352415
382.6696179507627,-401.5049743652344,31.76264867042935,35.54082392868525
385.9684939675796,-401.5550842285156,31.76264667565629,35.54085870384485
389.2673699843965,-401.6048889160156,31.76264468087378,35.54089347900295
392.56624600121347,-401.6543884277344,31.76264268608182,35.54092825415955
395.8651220180304,-401.70361328125,31.76264069128042,35.54096302931466
399.1639980348473,-401.7525634765625,31.76263869646958,35.54099780446827
402.4628740516642,-401.8011779785156,31.76263670164928,35.54103257962037
405.76175006848115,-401.8495483398438,31.76263470681954,35.54106735477098
409.06062608529805,-401.8975830078125,31.76263271198036,35.54110212992008
412.35950210211496,-401.9453430175781,31.76263071713172,35.54113690506769
415.65837811893186,-401.9927978515625,31.76262872227364,35.5411716802138
418.9572541357488,-402.0399475097656,31.76262672740612,35.54120645535841
422.25613015256573,-402.0868225097656,31.76262473252914,35.54124123050153
425.55500616938264,-402.1333923339844,31.76262273764272,35.54127600564313
428.8538821861996,-402.1796875,31.76262074274686,35.54131078078325
432.1527582030165,-402.2256774902344,31.76261874784154,35.54134555592186
435.4516342198334,-402.2713623046875,31.76261675292679,35.54138033105897
438.7505102366503,-402.3167724609375,31.76261475800258,35.54141510619458
442.0493862534673,-402.3618774414062,31.76261276306892,35.5414498813287
445.3482622702842,-402.3814086914062,31.76261076812582,35.54148465646132
448.6471382871011,-402.3930053710938,31.76260877317328,35.54151943159243
451.946014303918,-402.4046325683594,31.76260677821128,35.54155420672205
455.24489032073495,-402.416259765625,31.76260478323985,35.54158898185017
458.54376633755186,-402.4278869628906,31.76260278825896,35.54162375697679
461.84264235436876,-402.4395141601562,31.76260079326864,35.54165853210191
465.14151837118567,-402.4511108398438,31.76259879826886,35.54169330722553
468.44039438800263,-402.4627380371094,31.76259680325963,35.54172808234765
471.73927040481954,-402.474365234375,31.76259480824096,35.54176285746826
475.03814642163644,-402.4859924316406,31.76259281321284,35.5417976325874
478.33702243845335,-402.4976196289062,31.76259081817528,35.54183240770502
481.6358984552703,-402.5092468261719,31.76258882312827,35.54186718282114
484.9347744720872,-402.5208435058594,31.76258682807181,35.54190195793576
488.2336504889041,-402.532470703125,31.76258483300591,35.54193673304888
491.532526505721,-402.5440979003906,31.76258283793056,35.54197150816051
494.831402522538,-402.5557250976562,31.76258084284576,35.54200628327063
498.1302785393549,-402.5673522949219,31.76257884775152,35.54204105837925
501.4291545561718,-402.5789794921875,31.76257685264784,35.54207583348639
504.7280305729887,-402.590576171875,31.7625748575347,35.54211060859201
508.02690658980566,-402.6004333496094,31.76257286241211,35.54214538369614
511.32578260662257,-402.5107727050781,31.76257086728008,35.54218015879877
514.6246586234395,-402.4211120605469,31.76256887213861,35.54221493389989
517.9235346402564,-402.3314514160156,31.76256687698769,35.54224970899953
521.2224106570733,-402.2417602539062,31.76256488182732,35.54228448409766
524.5212866738902,-402.152099609375,31.76256288665751,35.54231925919429
527.8201626907072,-402.0624389648438,31.76256089147825,35.54235403428942
531.119038707524,-401.9727783203125,31.76255889628954,35.54238880938305
534.417914724341,-401.8831176757812,31.76255690109139,35.54242358447518
537.716790741158,-401.7934265136719,31.76255490588379,35.54245835956582
541.0156667579748,-401.7037658691406,31.76255291066674,35.54249313465495
544.3145427747918,-401.6141052246094,31.76255091544024,35.54252790974258
547.6134187916086,-401.5244445800781,31.7625489202043,35.54256268482872
550.9122948084256,-401.4347839355469,31.76254692495892,35.54259745991336
554.2111708252426,-401.3450927734375,31.76254492970408,35.54263223499649
557.5100468420594,-401.2554321289062,31.76254293443981,35.54266701007813
560.8089228588764,-401.165771484375,31.76254093916608,35.54270178515826
564.1077988756933,-401.0761108398438,31.7625389438829,35.5427365602369
567.4066748925102,-400.9864501953125,31.76253694859029,35.54277133531404
570.7055509093271,-400.8967590332031,31.76253495328822,35.54280611038967
574.004426926144,-400.822021484375,31.76253295797671,35.54284088546381
577.303302942961,-400.7868041992188,31.76253096265575,35.54287566053645
580.6021789597779,-400.7510070800781,31.76252896732534,35.54291043560758
583.9010549765948,-400.7146301269531,31.7625269719855,35.54294521067722
587.1999309934117,-400.6776733398438,31.7625249766362,35.54297998574536
590.4988070102287,-400.6401062011719,31.76252298127745,35.54301476081201
593.7976830270455,-400.6019287109375,31.76252098590926,35.54304953587715
597.0965590438625,-400.5632019042969,31.76251899053162,35.54308431094079
600.3954350606793,-400.5238647460938,31.76251699514454,35.54311908600293
603.6943110774963,-400.4839477539062,31.76251499974801,35.54315386106357
606.9931870943133,-400.4434509277344,31.76251300434204,35.54318863612271
610.2920631111301,-400.40234375,31.76251100892662,35.54322341118035
613.5909391279471,-400.3606567382812,31.76250901350175,35.5432581862365
616.889815144764,-400.3183898925781,31.76250701806743,35.54329296129114
620.1886911615809,-400.2755432128906,31.76250502262367,35.5433277363443
623.4875671783979,-400.2320861816406,31.76250302717046,35.54336251139593
626.7864431952147,-400.1880493164062,31.76250103170781,35.54339728644608
630.0853192120317,-400.1434020996094,31.76249903623571,35.54343206149472
633.3841952288486,-400.0982055664062,31.76249704075415,35.54346683654187
636.6830712456655,-400.0523986816406,31.76249504526316,35.54350161158752
639.9819472624824,-399.9931030273438,31.76249304976272,35.54353638663166
643.2808232792994,-399.921875,31.76249105425283,35.5435711616743
646.5796992961162,-399.850341796875,31.76248905873351,35.54360593671545
649.8785753129332,-399.7785339355469,31.76248706320472,35.5436407117551
653.1774513297502,-399.7064208984375,31.76248506766649,35.54367548679324
656.476327346567,-399.6340026855469,31.76248307211882,35.54371026182989
659.775203363384,-399.5613098144531,31.7624810765617,35.54374503686503
663.0740793802008,-399.4883117675781,31.76247908099513,35.54377981189868
666.3729553970178,-399.4150390625,31.76247708541912,35.54381458693084
669.6718314138348,-399.3414306640625,31.76247508983366,35.54384936196148
672.9707074306516,-399.267578125,31.76247309423876,35.54388413699063
676.2695834474686,-399.1933898925781,31.7624710986344,35.54391891201828
679.5684594642855,-399.1189270019531,31.76246910302061,35.54395368704443
682.8673354811024,-399.0441589355469,31.76246710739736,35.54398846206908
686.1662114979193,-398.9691162109375,31.76246511176468,35.54402323709223
689.4650875147362,-398.8937683105469,31.76246311612254,35.54405801211389
692.7639635315531,-398.818115234375,31.76246112047095,35.54409278713403
696.0628395483701,-398.7421569824219,31.76245912480992,35.54412756215267
699.361715565187,-398.6659240722656,31.76245712913944,35.54416233716983
702.6605915820039,-398.5894165039062,31.76245513345953,35.54419711218548
705.9594675988209,-398.614501953125,31.76245313777015,35.54423188719963
709.2583436156377,-398.6680297851562,31.76245114207133,35.54426666221228
712.5572196324547,-398.7215881347656,31.76244914636307,35.54430143722343
715.8560956492715,-398.775146484375,31.76244715064536,35.54433621223308
719.1549716660885,-398.8287048339844,31.76244515491821,35.54437098724123
722.4538476829055,-398.8822326660156,31.76244315918161,35.54440576224789
725.7527236997223,-398.935791015625,31.76244116343556,35.54444053725303
729.0515997165393,-398.9893493652344,31.76243916768007,35.54447531225669
732.3504757333562,-399.0429077148438,31.76243717191513,35.54451008725884
735.6493517501731,-399.0964660644531,31.76243517614074,35.54454486225949
738.94822776699,-399.1499938964844,31.76243318035691,35.54457963725864
742.247103783807,-399.2035522460938,31.76243118456362,35.54461441225629
745.5459798006239,-399.2571105957031,31.76242918876089,35.54464918725244
748.8448558174408,-399.3106689453125,31.76242719294872,35.5446839622471
752.1437318342577,-399.3641967773438,31.76242519712711,35.54471873724025
755.4426078510746,-399.4177551269531,31.76242320129604,35.54475351223191
758.7414838678916,-399.4713134765625,31.76242120545553,35.54478828722205
762.0403598847084,-399.5248718261719,31.76241920960556,35.5448230622107
765.3392359015254,-399.5784301757812,31.76241721374616,35.54485783719787
768.6381119183424,-399.630126953125,31.76241521787732,35.54489261218351
771.9369879351592,-399.633056640625,31.76241322199902,35.54492738716767
775.2358639519762,-399.6359558105469,31.76241122611128,35.54496216215032
778.534739968793,-399.6388549804688,31.76240923021408,35.54499693713147
781.83361598561,-399.6417541503906,31.76240723430745,35.54503171211113
785.1324920024269,-399.6446838378906,31.76240523839136,35.54506648708927
788.4313680192438,-399.6475830078125,31.76240324246583,35.54510126206593
791.7302440360608,-399.6504821777344,31.76240124653085,35.54513603704108
795.0291200528777,-399.6533813476562,31.76239925058643,35.54517081201474
798.3279960696946,-399.6563110351562,31.76239725463256,35.5452055869869
801.6268720865115,-399.6592102050781,31.76239525866925,35.54524036195754
804.9257481033284,-399.662109375,31.76239326269649,35.54527513692669
808.2246241201453,-399.6650085449219,31.76239126671429,35.54530991189435
811.5235001369623,-399.6679382324219,31.76238927072263,35.54534468686049
814.8223761537791,-399.6708374023438,31.76238727472153,35.54537946182515
818.1212521705961,-399.6737365722656,31.76238527871098,35.5454142367883
821.4201281874131,-399.6766357421875,31.76238328269098,35.54544901174995
824.7190042042299,-399.6795654296875,31.76238128666154,35.54548378671011
828.0178802210469,-399.6824645996094,31.76237929062266,35.54551856166876
831.3167562378637,-399.6853637695312,31.76237729457433,35.54555333662591
834.6156322546807,-399.6882629394531,31.76237529851656,35.54558811158156
837.9145082714977,-399.6911926269531,31.76237330244932,35.54562288653572
841.2133842883145,-399.694091796875,31.76237130637265,35.54565766148836
844.5122603051315,-399.6969909667969,31.76236931028653,35.54569243643952
847.8111363219484,-399.6998901367188,31.76236731419097,35.54572721138917
851.1100123387653,-399.7028198242188,31.76236531808596,35.54576198633733
854.4088883555822,-399.7057189941406,31.7623633219715,35.54579676128397
857.7077643723992,-399.7086181640625,31.76236132584759,35.54583153622912
861.006640389216,-399.7115478515625,31.76235932971425,35.54586631117278
864.305516406033,-399.7144470214844,31.76235733357145,35.54590108611492
867.6043924228499,-399.7173461914062,31.7623553374192,35.54593586105558
870.9032684396668,-399.7202453613281,31.76235334125752,35.54597063599473
874.2021444564838,-399.7231750488281,31.76235134508638,35.54600541093237
877.5010204733006,-399.72607421875,31.7623493489058,35.54604018586853
880.7998964901176,-399.7289733886719,31.76234735271578,35.54607496080317
884.0987725069346,-399.7318725585938,31.7623453565163,35.54610973573632
887.3976485237514,-399.7348022460938,31.76234336030738,35.54614451066798
890.6965245405684,-399.7377014160156,31.76234136408901,35.54617928559813
893.9954005573852,-399.7406005859375,31.76233936786119,35.54621406052678
897.2942765742022,-399.7434997558594,31.76233737162394,35.54624883545392
900.5931525910191,-399.6911926269531,31.76233537537723,35.54628361037957
903.892028607836,-399.5928039550781,31.76233337912107,35.54631838530371
907.190904624653,-399.4944152832031,31.76233138285547,35.54635316022637
910.4897806414699,-399.3960571289062,31.76232938658044,35.54638793514752
913.7886566582868,-399.2976684570312,31.76232739029595,35.54642271006716
917.0875326751037,-399.1992797851562,31.762325394002,35.54645748498531
920.3864086919206,-399.1008911132812,31.76232339769862,35.54649225990196
923.6852847087375,-399.0025024414062,31.76232140138579,35.5465270348171
926.9841607255545,-398.9041442871094,31.76231940506351,35.54656180973075
930.2830367423713,-398.8057556152344,31.76231740873179,35.5465965846429
933.5819127591883,-398.7073669433594,31.76231541239061,35.54663135955354
936.8807887760053,-398.6089782714844,31.76231341604001,35.54666613446269
940.1796647928221,-398.5105895996094,31.76231141967994,35.54670090937034
943.4785408096391,-398.4122314453125,31.76230942331043,35.54673568427648
946.7774168264559,-398.3138427734375,31.76230742693148,35.54677045918113
950.0762928432729,-398.2154541015625,31.76230543054308,35.54680523408427
953.3751688600898,-398.1170654296875,31.76230343414523,35.54684000898591
956.6740448769067,-398.0187072753906,31.76230143773793,35.54687478388605
959.9729208937237,-397.9203186035156,31.76229944132119,35.54690955878471
963.2717969105406,-397.8219299316406,31.762297444895,35.54694433368184
966.5706729273575,-397.7640686035156,31.76229544845937,35.54697910857748
969.8695489441744,-397.71630859375,31.76229345201429,35.54701388347163
973.1684249609914,-397.6685791015625,31.76229145555977,35.54704865836427
976.4673009778082,-397.620849609375,31.76228945909579,35.54708343325541
979.7661769946252,-397.5731201171875,31.76228746262239,35.54711820814504
983.065053011442,-397.5253601074219,31.76228546613952,35.54715298303319
986.363929028259,-397.4776306152344,31.7622834696472,35.54718775791983
989.662805045076,-397.4299011230469,31.76228147314544,35.54722253280497
992.9616810618928,-397.3821716308594,31.76227947663424,35.54725730768861
996.2605570787098,-397.3344116210938,31.76227748011359,35.54729208257074
999.5594330955267,-397.2866821289062,31.7622754835835,35.54732685745138
1002.8583091123436,-397.2389526367188,31.76227348704395,35.54736163233051
1006.1571851291606,-397.1912231445312,31.76227149049496,35.54739640720816
1009.4560611459774,-397.1434631347656,31.76226949393652,35.5474311820843
1012.7549371627944,-397.0957336425781,31.76226749736865,35.54746595695893
1016.0538131796113,-397.0480041503906,31.76226550079132,35.54750073183207
1019.3526891964282,-397.0002746582031,31.76226350420454,35.5475355067037
1022.6515652132451,-396.9525451660156,31.76226150760832,35.54757028157384
1025.950441230062,-396.90478515625,31.76225951100266,35.54760505644247
1029.249317246879,-396.8598022460938,31.76225751438754,35.5476398313096
1032.5481932636958,-396.8627319335938,31.76225551776298,35.54767460617525
1035.8470692805129,-396.8656311035156,31.76225352112898,35.54770938103938
1039.1459452973297,-396.8685302734375,31.76225152448552,35.54774415590201
1042.4448213141466,-396.8714294433594,31.76224952783263,35.54777893076314
1045.7436973309636,-396.8743591308594,31.76224753117028,35.54781370562277
1049.0425733477805,-396.8772583007812,31.76224553449849,35.5478484804809
1052.3414493645973,-396.8801574707031,31.76224353781725,35.54788325533753
1055.6403253814144,-396.8830871582031,31.76224154112657,35.54791803019265
1058.9392013982313,-396.885986328125,31.76223954442644,35.54795280504629
1062.238077415048,-396.8888854980469,31.76223754771686,35.54798757989843
1065.5369534318652,-396.8917846679688,31.76223555099784,35.54802235474904
1068.835829448682,-396.8947143554688,31.76223355426937,35.54805712959817
1072.1347054654989,-396.8976135253906,31.76223155753146,35.5480919044458
1075.433581482316,-396.9005126953125,31.7622295607841,35.54812667929193
1078.7324574991328,-396.9034423828125,31.7622275640273,35.54816145413655
1082.0313335159497,-396.9063415527344,31.76222556726104,35.54819622897968
1085.3302095327665,-396.9092407226562,31.76222357048534,35.5482310038213
1088.6290855495836,-396.9121398925781,31.76222157370018,35.54826577866142
1091.9279615664004,-396.9150695800781,31.76221957690559,35.54830055350005
1095.2268375832173,-396.9349060058594,31.76221758010156,35.54833532833717
1098.5257136000344,-396.9924011230469,31.76221558328807,35.54837010317279
1101.8245896168512,-397.0496215820312,31.76221358646514,35.54840487800691
1105.123465633668,-397.1065673828125,31.76221158963276,35.54843965283953
1108.4223416504851,-397.1631774902344,31.76220959279094,35.54847442767065
1111.721217667302,-397.2195129394531,31.76220759593967,35.54850920250028
1115.0200936841188,-397.2755737304688,31.76220559907895,35.54854397732839
1118.318969700936,-397.331298828125,31.76220360220879,35.54857875215501
1121.6178457177527,-397.3867797851562,31.76220160532918,35.54861352698013
1124.9167217345696,-397.4419250488281,31.76219960844012,35.54864830180374
1128.2155977513867,-397.4967956542969,31.76219761154162,35.54868307662586
1131.5144737682035,-397.5513610839844,31.76219561463367,35.54871785144648
1134.8133497850204,-397.6056213378906,31.76219361771627,35.54875262626558
1138.1122258018372,-397.6596069335938,31.76219162078944,35.54878740108321
1141.4111018186543,-397.7132873535156,31.76218962385315,35.54882217589932
1144.7099778354711,-397.7666931152344,31.76218762690742,35.54885695071393
1148.008853852288,-397.8197937011719,31.76218562995223,35.54889172552704
1151.307729869105,-397.8725891113281,31.76218363298762,35.54892650033865
1154.606605885922,-397.9250793457031,31.76218163601354,35.54896127514876
1157.9054819027388,-397.977294921875,31.76217963903002,35.54899604995737
1161.2043579195558,-397.9986267089844,31.76217764203705,35.54903082476448
1164.5032339363727,-397.9966735839844,31.76217564503465,35.54906559957008
1167.8021099531895,-397.9953002929688,31.76217364802279,35.54910037437418
1171.1009859700066,-397.9945373535156,31.76217165100148,35.5491351491768
1174.3998619868235,-397.9943542480469,31.76216965397073,35.54916992397789
1177.6987380036403,-397.9947509765625,31.76216765693054,35.54920469877751
1180.9976140204574,-397.9957275390625,31.7621656598809,35.5492394735756
1184.2964900372742,-397.997314453125,31.76216366282181,35.54927424837221
1187.595366054091,-397.9994812011719,31.76216166575327,35.54930902316731
1190.8942420709081,-398.0069274902344,31.76215966867529,35.54934379796092
1194.193118087725,-398.0156555175781,31.76215767158787,35.54937857275301
1197.4919941045418,-398.0243835449219,31.76215567449099,35.54941334754361
1200.7908701213587,-398.0331115722656,31.76215367738467,35.54944812233271
1204.0897461381758,-398.0418395996094,31.7621516802689,35.5494828971203
1207.3886221549926,-398.0505676269531,31.7621496831437,35.54951767190639
1210.6874981718095,-398.0592956542969,31.76214768600904,35.549552446691
1213.9863741886265,-398.0680236816406,31.76214568886494,35.54958722147409
1217.2852502054434,-398.0767211914062,31.76214369171139,35.54962199625569
1220.5841262222602,-398.08544921875,31.76214169454838,35.54965677103579
1223.8830022390773,-398.0941772460938,31.76213969737594,35.54969154581438
1227.1818782558942,-398.0628967285156,31.76213770019405,35.54972632059147
1230.480754272711,-398.0229797363281,31.76213570300271,35.54976109536706
1233.779630289528,-397.9833679199219,31.76213370580194,35.54979587014115
1237.078506306345,-397.9440612792969,31.76213170859171,35.54983064491373
1240.3773823231618,-397.905029296875,31.76212971137203,35.54986541968481
1243.6762583399789,-397.8662719726562,31.76212771414292,35.54990019445441
1246.9751343567957,-397.8278503417969,31.76212571690434,35.54993496922249
1250.2740103736126,-397.7897033691406,31.76212371965633,35.54996974398907
1253.5728863904294,-397.7518615722656,31.76212172239887,35.55000451875416
1256.8717624072465,-397.7142944335938,31.76211972513196,35.55003929351774
1260.1706384240633,-397.6770324707031,31.76211772785561,35.55007406827982
1263.4695144408802,-397.6400756835938,31.76211573056981,35.55010884304041
1266.7683904576973,-397.6033935546875,31.76211373327456,35.55014361779948
1270.067266474514,-397.5670166015625,31.76211173596988,35.55017839255706
1273.366142491331,-397.5309448242188,31.76210973865574,35.55021316731314
1276.665018508148,-397.4951477050781,31.76210774133216,35.55024794206771
1279.9638945249649,-397.4596557617188,31.76210574399913,35.55028271682079
1283.2627705417817,-397.4244384765625,31.76210374665666,35.55031749157236
1286.5616465585988,-397.3895568847656,31.76210174930474,35.55035226632243
1289.8605225754156,-397.3586120605469,31.76209975194336,35.55038704107101
1293.1593985922325,-397.3749389648438,31.76209775457255,35.55042181581808
1296.4582746090496,-397.3915710449219,31.76209575719229,35.55045659056365
1299.7571506258664,-397.4084777832031,31.76209375980258,35.55049136530772
1303.0560266426833,-397.4256896972656,31.76209176240343,35.55052614005029
1306.3549026595003,-397.4432067871094,31.76208976499484,35.55056091479135
1309.6537786763172,-397.4609985351562,31.76208776757678,35.55059568953092
1312.952654693134,-397.4790954589844,31.76208577014929,35.55063046426899
1316.2515307099509,-397.4974975585938,31.76208377271236,35.55066523900555
1319.550406726768,-397.5161743164062,31.76208177526597,35.55070001374061
1322.8492827435848,-397.53515625,31.76207977781014,35.55073478847417
1326.1481587604017,-397.554443359375,31.76207778034486,35.55076956320624
1329.4470347772187,-397.5740051269531,31.76207578287014,35.55080433793679
1332.7459107940356,-397.5938720703125,31.76207378538598,35.55083911266585
1336.0447868108524,-397.6140441894531,31.76207178789236,35.55087388739341
1339.3436628276695,-397.6344909667969,31.7620697903893,35.55090866211946
1342.6425388444864,-397.6552429199219,31.76206779287679,35.55094343684402
1345.9414148613032,-397.6763000488281,31.76206579535483,35.55097821156707
1349.2402908781203,-397.6976318359375,31.76206379782344,35.55101298628863
1352.5391668949371,-397.7192687988281,31.76206180028259,35.55104776100868
1355.838042911754,-397.7553100585938,31.7620598027323,35.55108253572723
1359.136918928571,-397.8204956054688,31.76205780517256,35.55111731044427
1362.435794945388,-397.8856811523438,31.76205580760338,35.55115208515982
1365.7346709622047,-397.9508666992188,31.76205381002475,35.55118685987387
1369.0335469790216,-398.0160827636719,31.76205181243667,35.55122163458641
1372.3324229958387,-398.0812683105469,31.76204981483915,35.55125640929745
1375.6312990126555,-398.1464538574219,31.76204781723218,35.551291184007
1378.9301750294724,-398.2116394042969,31.76204581961576,35.55132595871504
1382.2290510462894,-398.2768249511719,31.76204382198991,35.55136073342157
1385.5279270631063,-398.3420104980469,31.76204182435459,35.55139550812662
1388.8268030799231,-398.4072265625,31.76203982670984,35.55143028283015
1392.1256790967402,-398.472412109375,31.76203782905564,35.55146505753219
1395.424555113557,-398.53759765625,31.762035831392,35.55149983223273
1398.723431130374,-398.602783203125,31.7620338337189,35.55153460693176
1402.022307147191,-398.66796875,31.76203183603636,35.5515693816293
1405.3211831640078,-398.733154296875,31.76202983834437,35.55160415632532
1408.6200591808247,-398.7983703613281,31.76202784064294,35.55163893101985
1411.9189351976418,-398.8635559082031,31.76202584293207,35.55167370571288
1415.2178112144586,-398.9287414550781,31.76202384521175,35.55170848040441
1418.5166872312755,-398.9939270019531,31.76202184748198,35.55174325509444
1421.8155632480925,-399.0296936035156,31.76201984974275,35.55177802978296
1425.1144392649094,-399.0442199707031,31.76201785199409,35.55181280446998
1428.4133152817262,-399.0587768554688,31.76201585423599,35.55184757915551
1431.712191298543,-399.0733337402344,31.76201385646843,35.55188235383952
1435.0110673153602,-399.0878601074219,31.76201185869144,35.55191712852204
1438.309943332177,-399.1024169921875,31.76200986090499,35.55195190320306
1441.6088193489938,-399.1169738769531,31.76200786310909,35.55198667788258
1444.907695365811,-399.1315002441406,31.76200586530376,35.55202145256059
1448.2065713826278,-399.1460571289062,31.76200386748898,35.55205622723711
1451.5054473994446,-399.1606140136719,31.76200186966474,35.55209100191212
1454.8043234162617,-399.1751403808594,31.76199987183106,35.55212577658563
1458.1031994330785,-399.189697265625,31.76199787398793,35.55216055125764
1461.4020754498954,-399.2042541503906,31.76199587613537,35.55219532592815
1464.7009514667125,-399.2188110351562,31.76199387827335,35.55223010059716
1467.9998274835293,-399.2333374023438,31.76199188040189,35.55226487526466
1471.2987035003462,-399.2478942871094,31.76198988252098,35.55229964993067
1474.5975795171632,-399.262451171875,31.76198788463063,35.55233442459517
1477.89645553398,-399.2769775390625,31.76198588673084,35.55236919925817
1481.195331550797,-399.2915344238281,31.76198388882159,35.55240397391967
1484.494207567614,-399.3060913085938,31.76198189090289,35.55243874857967
1487.7930835844309,-399.3941040039062,31.76197989297475,35.55247352323816
1491.0919596012477,-399.4963073730469,31.76197789503717,35.55250829789516
1494.3908356180646,-399.5982055664062,31.76197589709013,35.55254307255066
1497.6897116348816,-399.6997985839844,31.76197389913366,35.55257784720465
1500.9885876516985,-399.8011169433594,31.76197190116773,35.55261262185713
1504.2874636685153,-399.9021301269531,31.76196990319236,35.55264739650812
1507.5863396853324,-400.0028381347656,31.76196790520756,35.55268217115761
1510.8852157021493,-400.103271484375,31.76196590721329,35.55271694580559
1514.184091718966,-400.2033996582031,31.76196390920957,35.55275172045208
1517.4829677357832,-400.30322265625,31.76196191119642,35.55278649509706
1520.7818437526,-400.4027404785156,31.76195991317382,35.55282126974055
1524.0807197694169,-400.5020141601562,31.76195791514178,35.55285604438253
1527.379595786234,-400.6009521484375,31.76195591710028,35.552890819023
1530.6784718030508,-400.6996154785156,31.76195391904934,35.55292559366197
1533.9773478198676,-400.7979736328125,31.76195192098896,35.55296036829946
1537.2762238366847,-400.8960266113281,31.76194992291913,35.55299514293542
1540.5750998535016,-400.9938049316406,31.76194792483985,35.5530299175699
1543.8739758703184,-401.0912780761719,31.76194592675113,35.55306469220287
1547.1728518871353,-401.1884460449219,31.76194392865296,35.55309946683434
1550.4717279039523,-401.2822265625,31.76194193054534,35.55313424146431
1553.7706039207692,-401.3445129394531,31.76193993242828,35.55316901609278
1557.069479937586,-401.4067993164062,31.76193793430177,35.55320379071973
1560.3683559544031,-401.4690856933594,31.76193593616582,35.5532385653452
1563.66723197122,-401.5313720703125,31.76193393802043,35.55327333996917
1566.9661079880368,-401.5936584472656,31.76193193986557,35.55330811459162
1570.2649840048539,-401.6559448242188,31.76192994170129,35.55334288921257
1573.5638600216707,-401.7182312011719,31.76192794352754,35.55337766383204
1576.8627360384876,-401.7804870605469,31.76192594534436,35.55341243844999
1580.1616120553047,-401.8427734375,31.76192394715172,35.55344721306644
1583.4604880721215,-401.9050598144531,31.76192194894965,35.55348198768139
1586.7593640889384,-401.9673461914062,31.76191995073813,35.55351676229484
1590.0582401057554,-402.0296325683594,31.76191795251716,35.5535515369068
1593.3571161225723,-402.0919189453125,31.76191595428674,35.55358631151724
1596.6559921393891,-402.1542053222656,31.76191395604688,35.55362108612618
1599.9548681562062,-402.2164916992188,31.76191195779758,35.55365586073363
1603.253744173023,-402.2787780761719,31.76190995953882,35.55369063533956
1606.55262018984,-402.341064453125,31.76190796127062,35.55372540994401
1609.8514962066567,-402.4033508300781,31.76190596299298,35.55376018454694
1613.1503722234738,-402.4656372070312,31.76190396470588,35.55379495914838
1616.4492482402907,-402.5104675292969,31.76190196640935,35.55382973374831
1619.7481242571075,-402.5220947265625,31.76189996810336,35.55386450834675
1623.0470002739246,-402.5337524414062,31.76189796978793,35.55389928294367
1626.3458762907414,-402.5453796386719,31.76189597146306,35.55393405753911
1629.6447523075583,-402.5570373535156,31.76189397312873,35.55396883213303
1632.9436283243754,-402.5686645507812,31.76189197478496,35.55400360672545
1636.2425043411922,-402.580322265625,31.76188997643175,35.55403838131638
1639.541380358009,-402.5919494628906,31.76188797806909,35.5540731559058
1642.8402563748261,-402.6036071777344,31.76188597969698,35.55410793049371
1646.139132391643,-402.615234375,31.76188398131544,35.55414270508014
1649.4380084084598,-402.6268920898438,31.76188198292444,35.55417747966506
1652.736884425277,-402.6385192871094,31.76187998452399,35.55421225424847
1656.0357604420938,-402.650146484375,31.7618779861141,35.55424702883037
1659.3346364589106,-402.6618041992188,31.76187598769475,35.5542818034108
1662.6335124757275,-402.6734313964844,31.76187398926597,35.5543165779897
1665.9323884925445,-402.6850891113281,31.76187199082775,35.55435135256711
1669.2312645093614,-402.6967163085938,31.76186999238007,35.55438612714301
1672.5301405261782,-402.7083740234375,31.76186799392295,35.55442090171741
1675.8290165429953,-402.7200012207031,31.76186599545638,35.55445567629032
1679.1278925598122,-402.7316589355469,31.76186399698037,35.55449045086172
1682.426768576629,-402.7471923828125,31.76186199849491,35.55452522543162
1685.725644593446,-402.7648620605469,31.76186,35.55456
